,Column Labels,,,,,,,,,,,,,,,,,,,,,Column Labels,,,,,,,,,,,,,,,,,,,,,
,Success ,,UnSuccess ,,Total Count  ,Total   SQ-FT,,,,,,,,,,,,,,,,2021,,,,2022,,,,2023,,,,2024,,,,2025,,,,Total Count  ,Total   SQ-FT
Row Labels,Count  ,  SQ-FT,Count  ,  SQ-FT,,,,,,,,,,,,,,,,,,Success ,,UnSuccess ,,Success ,,UnSuccess ,,Success ,,UnSuccess ,,Success ,,UnSuccess ,,Success ,,UnSuccess ,,,
2021,100,149669,180,264717,280,414386,,,,,,,,,,,,,,,Row Labels,Count  ,  SQ-FT,Count  ,  SQ-FT,Count  ,  SQ-FT,Count  ,  SQ-FT,Count  ,  SQ-FT,Count  ,  SQ-FT,Count  ,  SQ-FT,Count  ,  SQ-FT,Count  ,  SQ-FT,Count  ,  SQ-FT,,
2022,267,363475,475,747845,742,1111320,,,,,,,,,,,,,,,Ashok Sir,,,,,9,16849,18,22574,28,41279,33,63912,32,54619,50,96312,45,63136,82,121585.6,297,480266.6
2023,326,500556,441,689090,767,1189646,,,,,,,,,,,,,,,Gopi Sir,14,18948,18,23140,10,16356,27,46898,15,23016,29,59660,9,11559,13,18201,25,33960,19,30649,179,282387
2024,405,550846.73,574,926935.4,979,1477782.13,,,,,,,,,,,,,,,Kumaresan Sir,,,,,,,,,,,,,14,17609,28,37358,18,24633,20,29513,80,109113
2025,649,964204.92,716,1102554.3,1365,2066759.22,,,,,,,,,,,,,,,Latha Mam & Ayyappan Sir,28,49353,46,68228,44,63157,108,158880,68,94519,77,122179,83,104515.5,89,134880,136,201388,109,150551.2,788,1147650.7
Grand Total,1747,2528751.65,2386,3731141.7,4133,6259893.35,,,,,,,,,,,,,,,Prabhakaran Sir,5,6824,21,31447,18,18900,41,63974,25,34442,36,45546,24,32900,43,57245,32,49927,40,70810,285,412015
,,,,,,,,,,,,,,,,,,,,,Rajiv Sir,3,3127,13,33502,26,30858,32,46411,28,34160,18,20679,22,33198,35,63311,39,48792,47,85338,263,399376
,,,,,,,,,,,,,,,,,,,,,Ranjith Sir,23,29650,43,54122,73,100526,100,174186,71,135345,92,134918,70,88288,93,139170,125,203415,113,167385,803,1227005
,,,,,,,,,,,,,,,,,,,,,Sankar Sir,8,10206,12,18569,18,22778,27,55652,13,17185,30,57460,28,44344.23,42,61347,35,43703,45,63692,258,394936.23
,,,,,,,,,,,,,,,,,,,,,selvakumar sir ,,,,,1,2016,7,8341,9,12300,21,24159,,,,,,,1,2832,39,49648
,,,,,,,,,,,,,,,,,,,,,Senthil sir,,,1,1800,16,22931,27,43666,19,33976,40,62245,30,35280,53,90851,57,86283.87,60,93437,303,470469.87
,,,,,,,,,,,,,,,,,,,,,Suriya sir ,1,2194,2,2840,13,17060,13,18349,18,20438,27,43217,55,69665,67,99184,69,98994,93,168543.5,358,540484.5
,,,,,,,,,,,,,,,,,,,,,Thangadurai Sir,18,29367,24,31069,39,52044,75,108914,32,53896,38,55115,38,58869,61,129076.4,60,90566.05,77,102681,462,711597.45
,,,,,,,,,,,,,,,,,,,,,Grand Total,100,149669,180,264717,267,363475,475,747845,326,500556,441,689090,405,550846.73,574,926935.4,641,944797.92,706,1087017.3,4115,6224949.35
,,,,,,,,,,,,,,,,,,,,,,,,,,,,,,,,,,,,,,,,,,,
,,,,,,,,,,,,,,,,,,,,,,,,,,,,,,,,,,,,,,,,,,,
,,,,,,,,,,,,,,,,,,,,,,,,,,,,,,,,,,,,,,,,,,,
,,,,,,,,,,,,,,,,,,,,,,,,,,,,,,,,,,,,,,,,,,,
,Column Labels,,,,,,,,,,,,,,,,,,,,,Column Labels,,,,,,,,,,,,,,,,,,,,,
,Cash,,,,Cash Count  ,Cash   SQ-FT,Loan,,,,Loan Count  ,Loan   SQ-FT,Total Count  ,Total   SQ-FT,,,,,,,,2021,,,,2022,,,,2023,,,,2024,,,,2025,,,,Total Count  ,Total   SQ-FT
,Success ,,UnSuccess ,,,,Success ,,UnSuccess ,,,,,,,,,,,,,Success ,,UnSuccess ,,Success ,,UnSuccess ,,Success ,,UnSuccess ,,Success ,,UnSuccess ,,Success ,,UnSuccess ,,,
Row Labels,Count  ,  SQ-FT,Count  ,  SQ-FT,,,Count  ,  SQ-FT,Count  ,  SQ-FT,,,,,,,,,,,Row Labels,Count  ,  SQ-FT,Count  ,  SQ-FT,Count  ,  SQ-FT,Count  ,  SQ-FT,Count  ,  SQ-FT,Count  ,  SQ-FT,Count  ,  SQ-FT,Count  ,  SQ-FT,Count  ,  SQ-FT,Count  ,  SQ-FT,,
2021,61,92909,85,122425,146,215334,39,56760,95,142292,134,199052,280,414386,,,,,,,dealer,,,,,,,3,4794,,,,,2,2788,1,1742,,,,,6,9324
2022,114,155582,178,310484,292,466066,153,207893,297,437361,450,645254,742,1111320,,,,,,,F.W,4,5286,25,32408,42,47457,85,127122,30,70593,30,40870,23,29980,41,67971,73,110564,89,130859,442,663110
2023,144,248817,172,306530,316,555347,182,251739,269,382560,451,634299,767,1189646,,,,,,,Management,12,18883,25,30090,53,75427,129,195415,84,131623,109,181183,93,135362.23,146,239772,146,223208.87,176,265586,973,1496550.1
2024,181,230522,220,427152.4,401,657674.4,224,320324.73,354,499783,578,820107.73,979,1477782.13,,,,,,,portal,12,17320,24,39775,32,47348,70,124014,18,30084,35,41419,28,37325,41,67831,25,35637,29,53451,314,494204
2025,295,434760.92,276,466281.8,571,901042.72,354,529444,440,636272.5,794,1165716.5,1365,2066759.22,,,,,,,Reference,29,46495,43,71982,87,118073,100,153985,39,55979,52,73406,58,76157,69,120898.4,87,126390,62,101763,626,945128.4
Grand Total,795,1162590.92,931,1632873.2,1726,2795464.12,952,1366160.73,1455,2098268.5,2407,3464429.23,4133,6259893.35,,,,,,,registered client,1,1830,,,,,,,11,14390,17,26234,19,21320.5,16,33422,31,47497,31,43828,126,188521.5
,,,,,,,,,,,,,,,,,,,,,Own Facebook ,22,30607,32,51290,5,8504,10,16835,8,13236,24,67540,19,26620,41,91966,32,58934,61,107652.2,254,473184.2
,,,,,,,,,,,,,,,,,,,,,Stall,10,10883,20,22829,25,39089,41,54388,96,124989,110,167101,117,148725,150,210752,176,242076,174,242044,919,1262876
,Column Labels,,,,,,,,,,,,,,,,,,,,Own Youtube ,3,4947,4,5565,20,23579,33,65328,32,51492,53,75992,39,63831,56,74817,56,83570.05,61,94874.6,357,543995.65
,Layout,,,,Layout Count  ,Layout   SQ-FT,resale,,,,resale Count  ,resale   SQ-FT,Total Count  ,Total   SQ-FT,,,,,,,Direct Office ,,,1,1260,,,3,5017,2,2302,8,10339,,,2,1897,5,10198,3,4062,24,35075
,Success ,,UnSuccess ,,,,Success ,,UnSuccess ,,,,,,,,,,,,Marketer Reference ,2,4800,3,5204,,,,,,,,,,,,,1,1134,3,5553,9,16691
Row Labels,Count  ,  SQ-FT,Count  ,  SQ-FT,,,Count  ,  SQ-FT,Count  ,  SQ-FT,,,,,,,,,,,Own Instagram,,,1,1096,,,,,,,,,1,820,1,374,4,6156,16,27320.5,23,35766.5
2021,21,20591,32,32091,53,52682,79,129078,148,232626,227,361704,280,414386,,,,,,,Own Banner,2,3250,,,,,,,3,3426,2,3206,6,7918,6,8960,10,14506,9,23468,38,64734
2022,155,181921,221,284540,376,466461,112,181554,254,463305,366,644859,742,1111320,,,,,,,Newspaper Add,3,5368,1,2400,2,2702,,,,,,,,,,,,,,,6,10470
2023,259,371355,290,401340,549,772695,67,129201,151,287750,218,416951,767,1189646,,,,,,,mediator Reference ,,,1,818,,,,,,,,,,,,,,,,,1,818
2024,357,463503.23,391,530465,748,993968.23,48,87343.5,183,396470.4,231,483813.9,979,1477782.13,,,,,,,What'sapp status,,,,,1,1296,1,947,,,,,,,,,,,,,2,2243
2025,473,643792,388,500654,861,1144446,176,320412.92,328,601900.3,504,922313.22,1365,2066759.22,,,,,,,Booking Client ,,,,,,,,,3,2442,1,1800,,,4,6533,3,4334,2,2093,13,17202
Grand Total,1265,1681162.23,1322,1749090,2587,3430252.23,482,847589.42,1064,1982051.7,1546,2829641.12,4133,6259893.35,,,,,,,Grand Total,100,149669,180,264717,267,363475,475,747845,326,500556,441,689090,405,550846.73,574,926935.4,649,964204.92,716,1102554.3,4133,6259893.35
,,,,,,,,,,,,,,,,,,,,,,,,,,,,,,,,,,,,,,,,,,,
,,,,,,,,,,,,,,,,,,,,,,,,,,,,,,,,,,,,,,,,,,,
,,,,,,,,,,,,,,,,,,,,,,,,,,,,,,,,,,,,,,,,,,,
,,,,,,,,,,,,,,,,,,,,,,,,,,,,,,,,,,,,,,,,,,,
,,,,,,,,,,,,,,,,,,,,,,,,,,,,,,,,,,,,,,,,,,,
,,,,,,,,,,,,,,,,,,,,,,,,,,,,,,,,,,,,,,,,,,,
,,,,,,,,,,,,,,,,,,,,,,,,,,,,,,,,,,,,,,,,,,,
,Column Labels,,,,,,,,,,,,,,,,,,,,,,,,,,,,,,,,,,,,,,,,,,
,2021,,,,2022,,,,2023,,,,2024,,,,2025,,,,Total Count  ,Total   SQ-FT,,,,,,,,,,,,,,,,,,,,,
,Success ,,UnSuccess ,,Success ,,UnSuccess ,,Success ,,UnSuccess ,,Success ,,UnSuccess ,,Success ,,UnSuccess ,,,,,,,,,,,,,,,,,,,,,,,,
Row Labels,Count  ,  SQ-FT,Count  ,  SQ-FT,Count  ,  SQ-FT,Count  ,  SQ-FT,Count  ,  SQ-FT,Count  ,  SQ-FT,Count  ,  SQ-FT,Count  ,  SQ-FT,Count  ,  SQ-FT,Count  ,  SQ-FT,,,,,,,,,,,,,,,,,,,,,,,
ECR,6,11222,5,7421,,,3,30500,18,54727,52,137704,50,89917,64,110206,41,86392,40,73533.8,279,601622.8,,,,,,,,,,,,,,,,,,,,,
GST,88,132150,166,247629,26,28674,30,28383,19,33116,30,57089,136,198523.73,245,463029.4,261,356385,352,505894.5,1353,2050873.63,,,,,,,,,,,,,,,,,,,,,
NELLIKUPPAM  ,5,4197,7,6367,201,271824,358,568188,157,228983,179,256735,29,35176,20,26835,51,87142,37,72574,1044,1558021,,,,,,,,,,,,,,,,,,,,,
OMR,1,2100,2,3300,40,62977,84,120774,132,183730,180,237562,190,227230,245,326865,296,434285.92,287,450552,1457,2049375.92,,,,,,,,,,,,,,,,,,,,,
Grand Total,100,149669,180,264717,267,363475,475,747845,326,500556,441,689090,405,550846.73,574,926935.4,649,964204.92,716,1102554.3,4133,6259893.35,,,,,,,,,,,,,,,,,,,,,
,,,,,,,,,,,,,,,,,,,,,,,,,,,,,,,,,,,,,,,,,,,
,,,,,,,,,,,,,,,,,,,,,,,,,,,,,,,,,,,,,,,,,,,
